Jenna Ortega,Series Cast
Gwendoline Christie,Series Cast
Riki Lindhome,Series Cast
Jamie McShane,Series Cast
Hunter Doohan,Series Cast
Percy Hynes White,Series Cast
Emma Myers,Series Cast
Joy Sunday,Series Cast
Georgie Farmer,Series Cast
Naomi J. Ogawa,Series Cast
Christina Ricci,Series Cast
Johnna Dias-Watson,Series Cast
Oliver Watson,Series Cast
Victor Dorobantu,Series Cast
Moosa Mostafa,Series Cast
Luyanda Unati Lewis-Nyawo,Series Cast
Daniel Himschoot,Series Cast
Iman Marson,Series Cast
Calum Ross,Series Cast
Cezar Grumazescu,Series Cast
George Burcea,Series Cast
Morgan Beale,Series Cast
Islam Bouakkaz,Series Cast
Tommie Earl Jenkins,Series Cast
Catherine Zeta-Jones,Series Cast
Luis Guzmán,Series Cast
Isaac Ordonez,Series Cast
William Houston,Series Cast
Karina Varadi,Series Cast
Rina Mahoney,Series Cast
Georgia Goodman,Series Cast
Murray McArthur,Series Cast
Fred Armisen,Series Cast
Olimpia Malai,Series Cast
Nitin Ganatra,Series Cast
Lucius Hoyos,Series Cast
Max Pemberton,Series Cast
Cheherezade Valentine Okotaka Ebale,Series Cast
Oliver Wickham,Series Cast
James Clay,Series Cast
Edward Kennedy,Series Cast
Ismail Kesu,Series Cast
Caroline Lawrie,Series Cast
Lachele Carl,Series Cast
Gwen Jones,Series Cast
Lisa O'Hare,Series Cast
Sophia Nomvete,Series Cast
Ichirô Yûki,Series Cast
Amanda Drew,Series Cast
Ryan Ellsworth,Series Cast
Gloria Garcia,Series Cast
Gracy Goldman,Series Cast
Lewis Hayes,Series Cast
Philip Rosch,Series Cast
Horia Bazavan,Series Cast
Chloe Cate,Series Cast
Simon Furness,Series Cast
Kayla Alpert,Series Produced
Gail Berman,Series Produced
Tim Burton,Series Produced
Jonathan Glickman,Series Produced
Carla González Vargas,Series Produced
Alfred Gough,Series Produced
Tommy Harper,Series Produced
Nick Iannelli,Series Produced
Kevin Lafferty,Series Produced
Miles Millar,Series Produced
David Minkowski,Series Produced
Kevin Miserocchi,Series Produced
Andrew Mittman,Series Produced
Carmen Pepelea,Series Produced
Steve Stark,Series Produced
Natalie Testa,Series Produced
Todd Williams,Series Produced
Chris Bacon,Series Music
Danny Elfman,Series Music
David Lanzenberg,Series Cinematography
Stephan Pehrsson,Series Cinematography
Jay Prychidny,Series Film Editing
Ana Yavari,Series Film Editing
Paul G. Day,Series Film Editing
Florina Fernandes,Series Casting
Sophie Holland,Series Casting
John Papsidera,Series Casting
Mark Scruton,Series Production Design
Adrian Curelea,Series Art Direction
Ghinea Diana,Series Art Direction
Silvia Nancu,Series Art Direction
Andrei-Florian Popa,Series Art Direction
Serban Porupca,Series Art Direction
Vlad Roseanu,Series Art Direction
Roxana Alexandru,Series Art Direction
Carmen Ratoi,Series Art Direction
Laurentiu Zarnoianu,Series Set Decoration
Rob Hepburn,Series Set Decoration
David Morison,Series Set Decoration
Colleen Atwood,Series Costume Design
Bianca Boeroiu,Series Makeup Department 
Catalin Ciutu,Series Makeup Department 
Natalie L Costello,Series Makeup Department 
Julian Hutcheson,Series Makeup Department 
Nirvana Jalalvand,Series Makeup Department 
Grace McComisky,Series Makeup Department 
Tara McDonald,Series Makeup Department 
Dominic Mombrun,Series Makeup Department 
Angela Ruiz Morales,Series Makeup Department 
Paraschiv Oana,Series Makeup Department 
Alexandru Sassu,Series Makeup Department 
Bas Schwarz,Series Makeup Department 
Rubén Serra,Series Makeup Department 
Margo Stefan,Series Makeup Department 
Viktoria Stieber,Series Makeup Department 
Sinead Sweeney,Series Makeup Department 
Iuliana Temelie,Series Makeup Department 
Clara Tudose,Series Makeup Department 
Raquel Álvarez,Series Makeup Department 
Ripley Dale-Gulston,Series Makeup Department 
Freda Ellis,Series Makeup Department 
Olimpia Stoicea,Series Makeup Department 
Susan Cole,Series Makeup Department 
Tia Costell,Series Makeup Department 
Jean Carlos de Blas,Series Makeup Department 
Sheherezada Kouchaki,Series Makeup Department 
Raluca Moldoveanu,Series Makeup Department 
Nicoleta Toader,Series Makeup Department 
Gabriella Havens,Series Makeup Department 
Andrea Dardea Tesdall,Series Makeup Department 
Natalie Fox,Series Makeup Department 
Niki De Jong,Series Makeup Department 
Ionel Popa,Series Makeup Department 
Athina Sapanidis,Series Makeup Department 
Elena Tudor,Series Makeup Department 
Tristan Versluis,Series Makeup Department 
Razvan Badea,Series Production Management 
Irene Iovan Calangiu,Series Production Management 
Alexandru Cseh,Series Production Management 
Emma Mallett,Series Production Management 
Alexandru Acsinte,Series Second Unit Director or Assistant Director 
Emilie Balusson,Series Second Unit Director or Assistant Director 
Bianca Bumbacea,Series Second Unit Director or Assistant Director 
Simona Dinu,Series Second Unit Director or Assistant Director 
Mariana Grama,Series Second Unit Director or Assistant Director 
Mircea Hategan,Series Second Unit Director or Assistant Director 
Stefania Ispas,Series Second Unit Director or Assistant Director 
Loyzo,Series Second Unit Director or Assistant Director 
Raphael Tudor,Series Second Unit Director or Assistant Director 
Costin Sforaru,Series Second Unit Director or Assistant Director 
Sabina Balan,Series Second Unit Director or Assistant Director 
Brett Chan,Series Second Unit Director or Assistant Director 
Ada Dumitru,Series Second Unit Director or Assistant Director 
Emyr Glyn Rees,Series Second Unit Director or Assistant Director 
Jessica Kirec,Series Second Unit Director or Assistant Director 
George Walker,Series Second Unit Director or Assistant Director 
Mihaela Ionita,Series Second Unit Director or Assistant Director 
Richard O'Brien-Moran,Series Second Unit Director or Assistant Director 
Alexandru Trandafira,Series Second Unit Director or Assistant Director 
Alexandra Popa,Series Second Unit Director or Assistant Director 
Sucioaia Alexandra,Series Art Department 
Tache Alexandru,Series Art Department 
Corneliu Mihai Bonciu,Series Art Department 
Rachel Garlick,Series Art Department 
Florin Gavrila,Series Art Department 
Adi Handac,Series Art Department 
Dana Ilie,Series Art Department 
Alexandru Titus Ipate,Series Art Department 
Simona Maican,Series Art Department 
Cristian Mihaila,Series Art Department 
Cosmin Miroiu,Series Art Department 
Amalia Mititelu,Series Art Department 
Pietro Nume,Series Art Department 
Iulia Petrescu,Series Art Department 
Madalina Ripanu,Series Art Department 
Geaniloni Sandru,Series Art Department 
Eusebiu Sirbu,Series Art Department 
Cristina Stefan,Series Art Department 
Alexandra Tudor,Series Art Department 
Laurentiu Zarnoianu,Series Art Department 
Liviu Antonescu,Series Art Department 
Madalina Ciosu,Series Art Department 
Tudor Iordachescu,Series Art Department 
Anca Iscru,Series Art Department 
Ana Neag,Series Art Department 
Iulia Pasarica,Series Art Department 
Andreea Siminea,Series Art Department 
Amy Lockwood,Series Art Department 
Andrew Cherry,Series Art Department 
Cristian Darstar,Series Art Department 
Adrian Curelea,Series Art Department 
Serban Porupca,Series Art Department 
Radu Costache,Series Art Department 
Jennifer Keen,Series Art Department 
Karen Krizanovich,Series Art Department 
Ben Livingstone,Series Art Department 
Yohann Angelvy,Series Sound Department
Michael Baskerville,Series Sound Department
Nicolae Comarzan,Series Sound Department
Tony Diaz,Series Sound Department
Arturo A. Fuenmayor,Series Sound Department
Alastair Gray,Series Sound Department
Justin Helle,Series Sound Department
John Loranger,Series Sound Department
Liviu Lupsa,Series Sound Department
Kristi McIntyre,Series Sound Department
Sean Miller,Series Sound Department
Faustine Pelipel,Series Sound Department
Dan Sexton,Series Sound Department
Alex Stylianou,Series Sound Department
Jamie Sulek,Series Sound Department
Mike Tehrani,Series Sound Department
Marcus Byrne,Series Sound Department
Greg Crawford,Series Sound Department
Juan Martin Del Campo,Series Sound Department
Tim McKeever,Series Sound Department
Simon Diggins,Series Sound Department
Jonathan Gomez,Series Sound Department
Leslie Liu,Series Sound Department
Mihnea Bogos,Series Sound Department
Nathan Jackson,Series Sound Department
William Kellerman,Series Sound Department
Gabriel Marin,Series Sound Department
Ana Quiroga,Series Sound Department
Dan Barcutean,Series Special Effects
Florin Stoian,Series Special Effects
Harry Troughton,Series Special Effects
Jason Troughton,Series Special Effects
Max Costello,Series Special Effects
Adrian Nica,Series Special Effects
Yovko Dogandjiiski,Series Special Effects
Antonia Tocheva,Series Special Effects
Ilinca Angelescu,Series Special Effects
Matthew Adams,Series Visual Effects
Oana Bardan,Series Visual Effects
Craig Calvert,Series Visual Effects
Kevin Chandoo,Series Visual Effects
Nick Colangelo,Series Visual Effects
John Coldrick,Series Visual Effects
Sam Cole,Series Visual Effects
Chris Cooper,Series Visual Effects
Roger Dalupang,Series Visual Effects
Swedyl DSouza,Series Visual Effects
Maxime Ducharme,Series Visual Effects
Paula Fanaia,Series Visual Effects
Mariah Fleetham,Series Visual Effects
Kathryn Foster,Series Visual Effects
Ben Funk,Series Visual Effects
Keith Goh,Series Visual Effects
Kari-Lyn Gravel,Series Visual Effects
Jon Howard,Series Visual Effects
Kent Johnson,Series Visual Effects
Anna Joukova,Series Visual Effects
Jesse Kawzenuk,Series Visual Effects
Grant Lee,Series Visual Effects
Jake Lunt Davies,Series Visual Effects
Dumitrana Teodora Lupu,Series Visual Effects
Amy Madigan,Series Visual Effects
Yael Majors,Series Visual Effects
Mariano Mendoza,Series Visual Effects
Guillermo Molina,Series Visual Effects
Skye Morandin,Series Visual Effects
Tom Nagy,Series Visual Effects
Ken Nielsen,Series Visual Effects
Razvan Nineaca,Series Visual Effects
Anthony O'Connell,Series Visual Effects
Catalin Otelea,Series Visual Effects
Matei Ovejan,Series Visual Effects
Alessandro Pantanella,Series Visual Effects
Travis Pond,Series Visual Effects
Yawar Raja,Series Visual Effects
Aravindan Rajasingham,Series Visual Effects
Aditya Sawant,Series Visual Effects
Matt Schofield,Series Visual Effects
Ksenia Shutova,Series Visual Effects
Mark Simone,Series Visual Effects
Denis St-Pierre,Series Visual Effects
Ryan Terk,Series Visual Effects
Jason Teske,Series Visual Effects
Tom Turnbull,Series Visual Effects
Fabián Varela,Series Visual Effects
Kelly Weisz,Series Visual Effects
Angela Zhang,Series Visual Effects
Kayden Anderson,Series Visual Effects
Eddie Englander,Series Visual Effects
Timothy Mah,Series Visual Effects
Michael Osuszek,Series Visual Effects
Rodrigo Paiva,Series Visual Effects
Suresh Pandi,Series Visual Effects
Francois Robert,Series Visual Effects
Adam Smith,Series Visual Effects
Sarvesh Amre,Series Visual Effects
Benoît Brière,Series Visual Effects
Paul Chambers,Series Visual Effects
Dipak Gaur,Series Visual Effects
Rashid Khallouk,Series Visual Effects
Baz Lanaris,Series Visual Effects
Erin Nicholson,Series Visual Effects
Lynx Zuo,Series Visual Effects
Taraknath Ghosh,Series Visual Effects
Tanya Haddad,Series Visual Effects
Brodie McNeill,Series Visual Effects
Prateek Mishra,Series Visual Effects
Manish Rohith,Series Visual Effects
Luca Gabriele Rossetti,Series Visual Effects
Bikram Singh,Series Visual Effects
Khushroo Surveyor,Series Visual Effects
Salil Thapa,Series Visual Effects
Wesley While,Series Visual Effects
Kaylie Whitcher,Series Visual Effects
Sarah Wormsbecher,Series Visual Effects
Ramesh Kumar Yanagandhula,Series Visual Effects
Summer Zong,Series Visual Effects
David Dionne,Series Visual Effects
Patti Gannon,Series Visual Effects
James Takashi Higuchi,Series Visual Effects
JoAnna Johnson,Series Visual Effects
Luca Lim Diniz,Series Visual Effects
Dinaaz Mathur,Series Visual Effects
Ben McDougal,Series Visual Effects
Sumit Mukherjee,Series Visual Effects
Isha Nigam,Series Visual Effects
Tabata Ortiz,Series Visual Effects
Nishant Patel,Series Visual Effects
Umapathy Rajarathinam,Series Visual Effects
Genesis Rivas,Series Visual Effects
Gustavo Sanchez-Perez,Series Visual Effects
Kyle Sim,Series Visual Effects
François Trudel,Series Visual Effects
Pankaj Umbarkar,Series Visual Effects
Oksana Andrulis,Series Visual Effects
Ajay Kumar Attinti,Series Visual Effects
Amod Diwakar,Series Visual Effects
Josh George,Series Visual Effects
Jonathan Grégoire,Series Visual Effects
Cory Humes,Series Visual Effects
Christopher Jude,Series Visual Effects
José Lasa,Series Visual Effects
Marco Lee,Series Visual Effects
Oleg Memukhin,Series Visual Effects
Waseem Mohammed,Series Visual Effects
Ryan Jae Wook Park,Series Visual Effects
Nisarg Suthar,Series Visual Effects
Nitesh Sutrave,Series Visual Effects
Sahil Agrahari,Series Visual Effects
Chris Archinet,Series Visual Effects
Edwin Arismendez,Series Visual Effects
Jessica Bayliss,Series Visual Effects
Samuel Boisvert,Series Visual Effects
Jordan Boulais,Series Visual Effects
Reine Bourgault,Series Visual Effects
J. Alan Bradshaw,Series Visual Effects
Alex Bronfman,Series Visual Effects
Jonathan Bronfman,Series Visual Effects
Aakash Chaudhari,Series Visual Effects
Dave David,Series Visual Effects
Nadine Frève,Series Visual Effects
Mark Goldberg,Series Visual Effects
Yash Gowda,Series Visual Effects
Leonardo Andres Grabau Villalba,Series Visual Effects
Jeanne Hebert,Series Visual Effects
Pravin Hodage,Series Visual Effects
Curtis Hsiung,Series Visual Effects
Siddarth Jambhulkar,Series Visual Effects
Juyong Jeon,Series Visual Effects
Mukesh Joshi,Series Visual Effects
Min Kim,Series Visual Effects
Simon Lecavalier,Series Visual Effects
Christophe Longtin,Series Visual Effects
Jim Maxwell,Series Visual Effects
Kristine Middlemiss,Series Visual Effects
Ali Mio,Series Visual Effects
Lon Molnar,Series Visual Effects
Jose Ignacio Narváez Monroy,Series Visual Effects
Daksh Pandya,Series Visual Effects
Dany Richard,Series Visual Effects
Casey Sincic,Series Visual Effects
Sarvesh Talekar,Series Visual Effects
Himani Tyagi,Series Visual Effects
Susana Vasquez,Series Visual Effects
Alphonso Young,Series Visual Effects
Waseem Ahmad Khan,Series Visual Effects
Rodrigo Albano,Series Visual Effects
Don Carlo Alvir,Series Visual Effects
Leanndro Amorim,Series Visual Effects
Seshadri Anand,Series Visual Effects
Blake Anderson,Series Visual Effects
Schuyler Anderson,Series Visual Effects
Sudhakar Bhavanasi,Series Visual Effects
Alan Bisht,Series Visual Effects
William Blanchette,Series Visual Effects
Peter Braeley,Series Visual Effects
Charlotte Breton,Series Visual Effects
Dennis Chan,Series Visual Effects
Hardik Chauhan,Series Visual Effects
Molly Chen,Series Visual Effects
Sujesh V. Chitty,Series Visual Effects
Nolan Conrad,Series Visual Effects
Andrés Couturier,Series Visual Effects
Madhu Dasyapu,Series Visual Effects
Rodrigo de Angelis,Series Visual Effects
Sofia Diaz,Series Visual Effects
Maya Dumont-Deslandes,Series Visual Effects
Abdullah Ecirli,Series Visual Effects
Manoj Kumar Elangovan,Series Visual Effects
Michael Enzbrunner,Series Visual Effects
Timothy Fleur,Series Visual Effects
Clémentine Flicker,Series Visual Effects
Adam Fok,Series Visual Effects
Gil Franco,Series Visual Effects
Emily Funk,Series Visual Effects
Antonio Gallardo,Series Visual Effects
Gregory Galliani,Series Visual Effects
Igor Garanovschii,Series Visual Effects
Kunal Ghai,Series Visual Effects
Rakan Ghresi,Series Visual Effects
Jimmy Gill,Series Visual Effects
Jameer Haider,Series Visual Effects
Lewis Hawkes,Series Visual Effects
Jim Hillin,Series Visual Effects
Chen Kuang Hsu,Series Visual Effects
Salvatore Iamonte,Series Visual Effects
Pragati Jana,Series Visual Effects
Kenny Jia,Series Visual Effects
Laszlo Kalbache,Series Visual Effects
Ashraf Karim,Series Visual Effects
Sharad Kate,Series Visual Effects
Jamie Knoop,Series Visual Effects
Ashwini Lad,Series Visual Effects
Nadege Lagueux-Beloin,Series Visual Effects
Tukaram Landbale,Series Visual Effects
Dany Lebrasseur,Series Visual Effects
Kate T.C. Lin,Series Visual Effects
Matthias Lowry,Series Visual Effects
Jimmy Lue,Series Visual Effects
Franklin Mascarenhas,Series Visual Effects
Jay Mehta,Series Visual Effects
Guto Miranda,Series Visual Effects
Vashishta Mohit,Series Visual Effects
Atyeb Muneer,Series Visual Effects
Ganesh Ramdas Nalle,Series Visual Effects
Michael Naphan,Series Visual Effects
Marla Oriol,Series Visual Effects
R. Parthasarathy,Series Visual Effects
Niki Patterson,Series Visual Effects
Aravind Pauldurai,Series Visual Effects
Victor Perez,Series Visual Effects
Navin Pinto,Series Visual Effects
Norman Ran,Series Visual Effects
Parastu Rezaie,Series Visual Effects
Jean-Christophe Rodier,Series Visual Effects
Dmitry Ryabchuk,Series Visual Effects
Maryam Salehi,Series Visual Effects
Rajvinder Sandhu,Series Visual Effects
Eric Sanford,Series Visual Effects
Rohan Sapkal,Series Visual Effects
Alexandre Savard-Boisvert,Series Visual Effects
Mark Schreiber,Series Visual Effects
Aryan Sehgal,Series Visual Effects
Ronak Shah,Series Visual Effects
Neelima Sharma,Series Visual Effects
Sachin Suryabhan Shirsath,Series Visual Effects
Vishal Shitole,Series Visual Effects
Lovelesh Singh,Series Visual Effects
Kalpana Mahapatro Siromani,Series Visual Effects
Joseph Soloway,Series Visual Effects
Meredith Sproul,Series Visual Effects
Brian Sziklasi,Series Visual Effects
Danny Testani,Series Visual Effects
Ali Thaheem,Series Visual Effects
Hyacinthe Thomas,Series Visual Effects
Phillip Thomas,Series Visual Effects
Marcus Vinicius,Series Visual Effects
Louis Vottero,Series Visual Effects
Tina Vuu,Series Visual Effects
Tanja Wax,Series Visual Effects
Christina Wise,Series Visual Effects
Jill Wu,Series Visual Effects
Refo Yovarda,Series Visual Effects
Virpalsinh Zala,Series Visual Effects
Abin Abraham,Series Visual Effects
Adrian Bobb,Series Visual Effects
Eddie Bonin,Series Visual Effects
Rémi Bruschini,Series Visual Effects
Binod Kumar Das,Series Visual Effects
Tiago Foa,Series Visual Effects
Jaime Fok,Series Visual Effects
J.P. Giamos,Series Visual Effects
Martin Hesselink,Series Visual Effects
Rushikesh Chandrashekhar Kamble,Series Visual Effects
Daniel May,Series Visual Effects
Rachad Meya,Series Visual Effects
Shoupal Panda,Series Visual Effects
Josephin Peichl,Series Visual Effects
Rakesh,Series Visual Effects
Kim Rampaul,Series Visual Effects
Seema Schere,Series Visual Effects
Surajit Senapati,Series Visual Effects
Satyendra Sharma,Series Visual Effects
Prathamesh Ashok Waykole,Series Visual Effects
Dean Wright,Series Visual Effects
Saha Saikat,Series Visual Effects
Dylan Botnarenko,Series Visual Effects
Arjun Jasmeet Chawla,Series Visual Effects
Dennis Tae Wook Kim,Series Visual Effects
Solyi Ha,Series Visual Effects
Caylee Han,Series Visual Effects
Christopher Lee Zammit,Series Visual Effects
Felipe Baldo,Series Visual Effects
Hoss Ghaith,Series Visual Effects
Prashant Jain,Series Visual Effects
Giuseppe Motta,Series Visual Effects
Ilija Sazdovski,Series Visual Effects
Christa Tazzeo,Series Visual Effects
Krista Wettlaufer,Series Visual Effects
Marc-Antoine Blais,Series Visual Effects
Adrien Francomme,Series Visual Effects
Eduardo Gonçalves,Series Visual Effects
Alexander Greenberg,Series Visual Effects
Hossein Karamian,Series Visual Effects
Chokkarapu Sai Pradeep,Series Visual Effects
Pedro Roloff,Series Visual Effects
Jason Schick,Series Visual Effects
Sekh Batul Ali,Series Visual Effects
Saikat Biswas,Series Visual Effects
Luca Buonopane,Series Visual Effects
Julian Fadalti,Series Visual Effects
Nitin Garg,Series Visual Effects
Avinash Kodali,Series Visual Effects
Genevieve Morneau,Series Visual Effects
Alex Park,Series Visual Effects
Evan Roberts,Series Visual Effects
Pavankumar Sagiraju,Series Visual Effects
Saikat Saha,Series Visual Effects
Chris Sanchez,Series Visual Effects
Yulia Segura,Series Visual Effects
Amarjit Singha,Series Visual Effects
Barde Sravan,Series Visual Effects
Shando Uruvath,Series Visual Effects
Brett Chan,Series Stunts
Ionut Cotruta,Series Stunts
Jason Ng,Series Stunts
Jenny Umbhau,Series Stunts
Fanel Ursu,Series Stunts
Andrei Vintileanu,Series Stunts
Daniel Visan,Series Stunts
Kinga Kives,Series Stunts
Nailah Johnson,Series Stunts
Kaanchana Kerr,Series Stunts
Alexandre Lopoka,Series Stunts
Milena Brewster,Series Stunts
Maxime Coulon,Series Stunts
Gabrielle Anne Desy,Series Stunts
Victoria Goodman,Series Stunts
Tom Hatt,Series Stunts
Daniel Himschoot,Series Stunts
Matt Kennedy,Series Stunts
Jason Li,Series Stunts
Carly Michaels,Series Stunts
Darlene Pineda,Series Stunts
Lee Sheward,Series Stunts
Phedra Syndelle,Series Stunts
Alexandra Vilcsek,Series Stunts
Donát Bánkuti,Series Camera and Electrical Department
Vlad Cioplea,Series Camera and Electrical Department
David Dorohoianu,Series Camera and Electrical Department
Omar Dughouz,Series Camera and Electrical Department
Dániel Farkas,Series Camera and Electrical Department
Robert Fenichiu,Series Camera and Electrical Department
Cristi Fratoaica,Series Camera and Electrical Department
Toni Ilinca,Series Camera and Electrical Department
Ochiana Ionut,Series Camera and Electrical Department
Andrei Karastanef,Series Camera and Electrical Department
Brad Larner,Series Camera and Electrical Department
Tudor Lucaciu,Series Camera and Electrical Department
Radu Marinescu,Series Camera and Electrical Department
Florin Mihalache,Series Camera and Electrical Department
Mihai Adrian Olteanu,Series Camera and Electrical Department
Ion Palcau,Series Camera and Electrical Department
Andrei Petrescu,Series Camera and Electrical Department
Liviu Pojoni Jr.,Series Camera and Electrical Department
Florea Andrei Stefan,Series Camera and Electrical Department
Viorel Stefan,Series Camera and Electrical Department
Adelina Vancea,Series Camera and Electrical Department
Petre Victor,Series Camera and Electrical Department
Rob Arrowsmith,Series Camera and Electrical Department
Andrei Cretan,Series Camera and Electrical Department
Fabrizio Sciarra,Series Camera and Electrical Department
Boroka Biro,Series Camera and Electrical Department
Valdas Gulbinauskas,Series Camera and Electrical Department
Matei Popa,Series Camera and Electrical Department
Aurelian Radu,Series Camera and Electrical Department
Alexandru Bogdan Stefan,Series Camera and Electrical Department
Balázs Várszegi,Series Camera and Electrical Department
Sándor Árkus,Series Camera and Electrical Department
Barney Batchelor,Series Camera and Electrical Department
Cornel Biciu,Series Camera and Electrical Department
Neil Bradley,Series Camera and Electrical Department
Mielu Moldoveanu Constantin,Series Camera and Electrical Department
Alexandru Durac,Series Camera and Electrical Department
Sarbu Gigi,Series Camera and Electrical Department
Ben Parish,Series Camera and Electrical Department
Ian Seabrook,Series Camera and Electrical Department
Constantin Stan,Series Camera and Electrical Department
Fabian Wagner,Series Camera and Electrical Department
Calum Weir,Series Camera and Electrical Department
Jens Winkler,Series Camera and Electrical Department
Catalin Popa,Series Camera and Electrical Department
Peter Driscoll,Series Animation Department 
Joshua Melnik,Series Animation Department 
Whitney Strouth,Series Animation Department 
Emily Bohbrink,Series Casting Department 
Sinéad Donnelly,Series Casting Department 
Radu Dragoi,Series Casting Department 
Frankie Fearis,Series Casting Department 
Olissa Rogers,Series Casting Department 
Chandra Ruegg,Series Casting Department 
Fiona Weir,Series Casting Department 
Sarah Wilson,Series Casting Department 
Maddalena Zuppetta,Series Casting Department 
George Ludlow,Series Casting Department 
Ioana Albaiu,Series Costume and Wardrobe Department
Madalina Anton,Series Costume and Wardrobe Department
Mattia Bionda,Series Costume and Wardrobe Department
Mariana Bujoi,Series Costume and Wardrobe Department
Maria Ciucanu,Series Costume and Wardrobe Department
Ylenia Comerci,Series Costume and Wardrobe Department
Lavinia Dedu,Series Costume and Wardrobe Department
Constantinescu Denisa,Series Costume and Wardrobe Department
Andreea Dinu,Series Costume and Wardrobe Department
Maria Endara,Series Costume and Wardrobe Department
Cristina Ghergheli,Series Costume and Wardrobe Department
Megan Howell,Series Costume and Wardrobe Department
Daniela Ilin,Series Costume and Wardrobe Department
Benjamin Ip,Series Costume and Wardrobe Department
Ana Lazar,Series Costume and Wardrobe Department
Paula Lazaroni,Series Costume and Wardrobe Department
Twan Lentjes,Series Costume and Wardrobe Department
Ioana Mihailescu,Series Costume and Wardrobe Department
Alessio O'Driscoll,Series Costume and Wardrobe Department
Ioana Somanescu,Series Costume and Wardrobe Department
Bobby Soutar,Series Costume and Wardrobe Department
Mark Sutherland,Series Costume and Wardrobe Department
Beth Tilley,Series Costume and Wardrobe Department
Jess Willcock-Stow,Series Costume and Wardrobe Department
Elizabeta Zainea,Series Costume and Wardrobe Department
Marta Airoli,Series Costume and Wardrobe Department
Ian Frazer Wallace,Series Costume and Wardrobe Department
Adina Bucur,Series Costume and Wardrobe Department
Claudia Littlefield,Series Costume and Wardrobe Department
Alina Caprian,Series Costume and Wardrobe Department
Poppy Lees,Series Costume and Wardrobe Department
Madison D'Urbano,Series Editorial Department
Bogdan Geambasu,Series Editorial Department
Katherine Hul,Series Editorial Department
Razvan Ilinca,Series Editorial Department
Tom Mayclim,Series Editorial Department
Ian Passy,Series Editorial Department
Sebastian Plamadeala,Series Editorial Department
Carmen Rizac,Series Editorial Department
Alexandru Stoica,Series Editorial Department
Ian Sullivan,Series Editorial Department
Lavinia Terletchi,Series Editorial Department
Viktorija Tupikaite,Series Editorial Department
Motassem Younes,Series Editorial Department
Joanne Rourke,Series Editorial Department
Galina Chakarova,Series Editorial Department
Mihai Cosmin Popa,Series Editorial Department
Paul G. Day,Series Editorial Department
Siggy Ferstl,Series Editorial Department
Cristi Dogaru,Series Location Management
Calin Hagima,Series Location Management
Tracey Savein,Series Location Management
Alex Molea,Series Location Management
Mircea Paraschiv,Series Location Management
Florin Patrascu,Series Location Management
Erin Dapper,Series Location Management
Paul Giordani,Series Location Management
Chris Bacon,Series Music Department 
Sarah Chapeck,Series Music Department 
Norbert Elek,Series Music Department 
Danny Elfman,Series Music Department 
Peter Kohrman,Series Music Department 
Jen Malone,Series Music Department 
Mandy Mamlet,Series Music Department 
Ölveti Mátyás,Series Music Department 
Michael T. Ryan,Series Music Department 
Bálint Sapszon,Series Music Department 
Viktor Szabó,Series Music Department 
Nicole Weisberg,Series Music Department 
Shachar Boussani,Series Music Department 
Robert Litton,Series Music Department 
Noah Scot Snyder,Series Music Department 
Esin Aydingoz,Series Music Department 
Hemanth965,Series Music Department 
Steve Bartek,Series Music Department 
Bence Bobák,Series Music Department 
David G. Russell,Series Music Department 
Greg Hayes,Series Music Department 
Bri Holland,Series Music Department 
Alfredo Pasquel,Series Music Department 
Cristina Bîlea,Series Script and Continuity Department 
Monica Tatu,Series Script and Continuity Department 
Daniel Sipocz,Series Transportation Department 
Pal Szilárd Levente,Series Transportation Department 
Priscila Amescua-Mendez,Series Additional Crew
Dogaru Silviu Andrei,Series Additional Crew
Aaron Becker,Series Additional Crew
Gergo Benkoczy,Series Additional Crew
Dascalu Bogdan,Series Additional Crew
Teo Bostanica,Series Additional Crew
Alexandra Cranga,Series Additional Crew
Razvana Cristescu,Series Additional Crew
Claudia Dediu,Series Additional Crew
Penny Dyer,Series Additional Crew
Zoltan Horkai,Series Additional Crew
Ana Ineni,Series Additional Crew
Emanuel Gabriel Ion,Series Additional Crew
Gavriloaia Irina,Series Additional Crew
Peter Ivanyi,Series Additional Crew
Austin Kircher,Series Additional Crew
Christopher Landry,Series Additional Crew
Nelson Moses Lassiter,Series Additional Crew
Ioana Macarie,Series Additional Crew
Cosmin Manea,Series Additional Crew
Elle McAlpine,Series Additional Crew
Troy James Miller,Series Additional Crew
Dan Mirea,Series Additional Crew
Ioana Mititelu,Series Additional Crew
Kristine Popovici,Series Additional Crew
Aurel Nicolae Radu,Series Additional Crew
Olesea Railean,Series Additional Crew
Adrian Sabau,Series Additional Crew
Iulia Anamaria Sima,Series Additional Crew
Daniela Soare,Series Additional Crew
Adam M. Stone,Series Additional Crew
Cat Stone,Series Additional Crew
Georgiana Tamaga,Series Additional Crew
Logi Thorvaldsson,Series Additional Crew
Toria Turner,Series Additional Crew
Tony Wright,Series Additional Crew
Bianca Bumbacea,Series Additional Crew
Lindsay Moffat,Series Additional Crew
Gunnar Sizemore,Series Additional Crew
Bacula Sorin,Series Additional Crew
Monica Adam,Series Additional Crew
Liliana Chomsky,Series Additional Crew
Vanessa Coffey,Series Additional Crew
Marius Florescu,Series Additional Crew
Marilyn Lindsay,Series Additional Crew
Rhidian Bridge,Series Additional Crew
Bianca Bumvacea,Series Additional Crew
Luke Carroll,Series Additional Crew
Ahmed El-Gallad,Series Additional Crew
Jorge Garcia Castro,Series Additional Crew
Adam Lannon,Series Additional Crew
Sarah McGuinness,Series Additional Crew
Annabel Wilkin,Series Additional Crew
Eugene Shawn,Series Additional Crew
Ana Duarte,Series Additional Crew
Isaac Sunderland,Series Additional Crew
Enchanted Zebras,Series Figure
Ragged Cream,Series Figure
Sticky Children,Series Figure
Scandalous Devil,Series Figure
Heavy Morning,Series Figure
Flying Roses,Series Figure
True Dragon,Series Figure
Rock Aliens,Series Figure
Mind Fighters,Series Figure
Rich School,Series Figure
Fractured Beetles,Series Figure
Two Pistols,Series Figure
Imaginary Threat,Series Figure
Sick Letter,Series Figure
Spicy Sky,Series Figure
 War,Series Figure
Tortured Force,Series Figure
Obselete Picture,Series Figure
 Abuse,Series Figure
Dying Pistols,Series Figure
Loud Coders,Series Figure
Scandalous Sky,Series Figure
Complete Dream,Series Figure
Yellow Antichrist,Series Figure
Demonic Punishment,Series Figure
Loud Ancestors,Series Figure
Broken Morning,Series Figure
Elfin Widow,Series Figure
Complete Worms,Series Figure
Antarctican Remains,Series Figure
Yellow Route,Series Figure
Wretched Guns,Series Figure
 Dream,Series Figure
Mighty Afternoon,Series Figure
Loud Tree,Series Figure
Broken Stoners,Series Figure
 Metal,Series Figure
Obselete Discovery,Series Figure
Gang of Gods,Series Figure
Real Attraction,Series Figure
Pink Face,Series Figure
Sacrifice to Rhythm,Series Figure
Wretched Fly,Series Figure
Rude Moments,Series Figure
Sticky Ministers,Series Figure
Grey Of Fate,Series Figure
Tame Zombies,Series Figure
Dark Noobs,Series Figure
Real Coders,Series Figure
Abusive Ministers,Series Figure
 Summer,Series Figure
Juvenile Sky,Series Figure
Future Surgery,Series Figure
 Ancestors,Series Figure
Imaginary Cheese,Series Figure
Future Mice,Series Figure
Spiritual Punishment,Series Figure
Tilted Zone,Series Figure
Moaning Truth,Series Figure
Wretched Dragon,Series Figure
Rude Surgery,Series Figure
Stabbing Statement,Series Figure
Dead Question,Series Figure
Scandalous Enemy,Series Figure
Mind Punk,Series Figure
Stabbing Kiss,Series Figure
Icy Route,Series Figure
Sleazy Waters,Series Figure
Gods of Afternoon,Series Figure
Streetlight Zombies,Series Figure
 Youth,Series Figure
Only Turn,Series Figure
Hell Afternoon,Series Figure
Major Cobwebs,Series Figure
Tortured Sisters,Series Figure
 Worms,Series Figure
Spiritual Winter,Series Figure
Demonic Discovery,Series Figure
Modern Frustration,Series Figure
Streetlight Ship,Series Figure
Asian Roses,Series Figure
 Brigade,Series Figure
Three Friday,Series Figure
Naked Blows,Series Figure
Muddy Morning,Series Figure
Dying Tail,Series Figure
Obscene Story,Series Figure
Typical Punk,Series Figure
Ugly Island,Series Figure
Infernal Church,Series Figure
Creepy Question,Series Figure
Dark Division,Series Figure
Asian Temper,Series Figure
Dirty Victim,Series Figure
Crass Beetles,Series Figure
Insidious Theory,Series Figure
Imaginary Aliens,Series Figure
Impossible Space,Series Figure
Sticky Route,Series Figure
Acoustic Punishment,Series Figure
Mighty Harvest,Series Figure
Grey Roof,Series Figure
Grey Party,Series Figure
Sisters of Face,Series Figure
Little Aliens,Series Figure
Gods of Cobwebs,Series Figure
Streetlight Kiss,Series Figure
Spicy Invention,Series Figure
Addictive Guns,Series Figure
Spinal Scarecrow,Series Figure
Sex Persuasion,Series Figure
 Ritual,Series Figure
Shrill Brothers,Series Figure
Broken Invention,Series Figure
Sleazy Magic,Series Figure
Evil Gods,Series Figure
Five Enemy,Series Figure
Perverted Death,Series Figure
Clear Sunday,Series Figure
Broken Nest,Series Figure
 Invention,Series Figure
Streetlight Company,Series Figure
Long Metal,Series Figure
Cool Things,Series Figure
True Impulse,Series Figure
Orange Magic,Series Figure
Mighty Enemy,Series Figure
Cruel Sisters,Series Figure
Chemical Animal,Series Figure
Lewd Story,Series Figure
Drunk Of Fate,Series Figure
Dirty Face,Series Figure
